Timestamp,Name,Phone
"2025-04-07T14:36:50.931Z","Kenan","062555558"
"2025-04-08T08:26:28.150Z","Kenan ","03222222"
"2025-04-10T09:12:00.304Z","dsdss","2"
"2025-04-10T09:45:35.988Z","s","s"
"2025-04-10T09:57:49.891Z","d","2"
"2025-04-10T09:57:57.726Z","d","2"
"2025-04-10T10:02:30.523Z","cd","s"
"2025-04-10T10:04:22.439Z","j","n"
"2025-04-10T10:10:44.989Z","d","d"
"2025-04-10T10:14:57.653Z","n","n"
"2025-04-10T10:16:36.106Z","nl","n,"
"2025-04-10T10:20:53.663Z","dsdss","2"
"2025-04-10T10:28:46.100Z","c","s"
"2025-04-10T10:28:50.810Z","c","s"
"2025-04-10T10:56:16.400Z","j","h"
"2025-04-10T11:20:45.935Z","s","s"
"2025-04-10T11:51:00.618Z","d","d"
"2025-04-10T11:56:01.055Z","j","j"
"2025-04-10T12:33:20.412Z","ss","s"
"2025-04-10T14:39:59.551Z","j","r","undefined"
"2025-04-10T14:40:04.342Z","j","6","undefined"
"2025-04-10T14:40:06.041Z","j","6","undefined"
"2025-04-10T14:40:06.362Z","j","6","undefined"
"2025-04-10T14:40:30.634Z","jnjhj","6","undefined"
"2025-04-10T14:43:06.466Z","kenan","8282167","undefined"
"2025-04-10T14:47:05.340Z","gg","657","undefined"
"2025-04-10T14:48:41.468Z","kenan","26189300","undefined"
"2025-04-10T14:49:24.276Z","kenan","26189300","undefined"
"2025-04-10T15:02:16.903Z","hjg","648","undefined"
"2025-04-10T15:07:17.363Z","fsasd","23144","undefined"
"2025-04-10T15:14:03.736Z","kenan","928010","undefined"
"2025-04-10T15:15:41.287Z","kenan","928010","undefined"
"2025-04-10T15:16:50.322Z","khjg","7576"
"2025-04-10T19:41:13.407Z","Kenan","062552098"
"2025-04-10T20:36:23.804Z","s","231"
"2025-04-10T20:39:23.670Z","Kenan","213121"
"2025-04-10T20:39:25.006Z","Kenan","213121"
"2025-04-10T20:39:25.733Z","Kenan","213121"
"2025-04-10T20:39:35.455Z","alsds","2115"
"2025-04-10T20:46:15.618Z","kenan","24151"
"2025-04-10T20:46:53.117Z","kenan","24151"
"2025-04-10T20:46:57.721Z","kenan","241512"
"2025-04-10T20:46:59.738Z","kenan","241512"
"2025-04-10T20:47:13.851Z","kenan","2415127"
"2025-04-10T20:53:31.374Z","kenan","213894"
"2025-04-10T20:59:16.461Z","ffds","1224"
"2025-04-10T20:59:26.424Z","ffds","1224"
"2025-04-10T21:04:19.467Z","keanna","821379"
"2025-04-10T21:33:04.521Z","jaak","28719"
"2025-04-10T21:53:00.975Z","fhfh","0987654"
"2025-04-10T21:57:55.958Z","jgkhh","123456"
"2025-04-10T22:07:57.724Z","jjjjj","111111111","undefined"
"2025-04-10T22:15:31.201Z","ssssss","2222222","undefined"
"2025-04-10T22:15:45.002Z","sdald","2135123","undefined"
"2025-04-10T22:22:42.155Z","jjjjjj","999999","undefined"
"2025-04-10T22:28:51.456Z","ndddd","12421","undefined"
"2025-04-10T22:31:41.566Z","kkkkkk","8867","undefined"
"2025-04-10T22:38:24.300Z","jnkjj","34918","undefined"
"2025-04-10T22:45:33.561Z","xad","231","D"
"2025-04-10T22:49:48.460Z","kkkkk","777777777","3"
"2025-04-10T22:51:02.808Z","kkjk","23456","3"
"2025-04-17T14:54:06.897Z","jhj","34567","3"
"2025-04-17T14:54:09.031Z","jhj","34567","3"
"2025-04-17T14:54:09.483Z","jhj","34567","3"
"2025-04-17T14:54:09.731Z","jhj","34567","3"
"2025-04-19T16:51:03.744Z","sds","13214","3"
